{
    "dc_per_class_pp_all": {
        "1": 0.6545162563277626,
        "2": 0.9400697520077302
    },
    "dc_per_class_pp_per_class": {
        "1": 0.6782371432327821,
        "2": 0.949368575529203
    },
    "dc_per_class_raw": {
        "1": 0.9494273101493762,
        "2": 0.9487524332079726
    },
    "for_which_classes": [
        2
    ],
    "min_valid_object_sizes": "None",
    "num_samples": 107,
    "validation_final": "validation_raw_postprocessed",
    "validation_raw": "validation_raw"
}