{
    "dc_per_class_pp_all": {
        "1": 0.6482292851148379,
        "2": 0.9452343764330555
    },
    "dc_per_class_pp_per_class": {
        "1": 0.6716272901421885,
        "2": 0.9452371273946196
    },
    "dc_per_class_raw": {
        "1": 0.9487472093385639,
        "2": 0.945230724504032
    },
    "for_which_classes": [
        2
    ],
    "min_valid_object_sizes": "None",
    "num_samples": 106,
    "validation_final": "validation_raw_postprocessed",
    "validation_raw": "validation_raw"
}