{
    "dc_per_class_pp_all": {
        "1": 0.6682610590498452,
        "2": 0.9432713762460102
    },
    "dc_per_class_pp_per_class": {
        "1": 0.6760656128203913,
        "2": 0.9523743335531674
    },
    "dc_per_class_raw": {
        "1": 0.9574737978062714,
        "2": 0.9523225464464287
    },
    "for_which_classes": [
        2
    ],
    "min_valid_object_sizes": "None",
    "num_samples": 107,
    "validation_final": "validation_raw_postprocessed",
    "validation_raw": "validation_raw"
}