{
    "dc_per_class_pp_all": {
        "1": 0.6574727002417574,
        "2": 0.9570014679871042
    },
    "dc_per_class_pp_per_class": {
        "1": 0.6743591195779648,
        "2": 0.9570013574145174
    },
    "dc_per_class_raw": {
        "1": 0.9540777120544838,
        "2": 0.9569902943220846
    },
    "for_which_classes": [
        2
    ],
    "min_valid_object_sizes": "None",
    "num_samples": 107,
    "validation_final": "validation_raw_postprocessed",
    "validation_raw": "validation_raw"
}