{
    "dc_per_class_pp_all": {
        "1": 0.6614058581486463,
        "2": 0.9577806889128802
    },
    "dc_per_class_pp_per_class": {
        "1": 0.6883937458202933,
        "2": 0.9577808454525762
    },
    "dc_per_class_raw": {
        "1": 0.964284692999038,
        "2": 0.9577763276682736
    },
    "for_which_classes": [
        2
    ],
    "min_valid_object_sizes": "None",
    "num_samples": 107,
    "validation_final": "validation_raw_postprocessed",
    "validation_raw": "validation_raw"
}