{
    "dc_per_class_pp_all": {
        "1": 0.6581337431170599,
        "2": 0.9462663770515906
    },
    "dc_per_class_pp_per_class": {
        "1": 0.676515268500652,
        "2": 0.9499496094722124
    },
    "dc_per_class_raw": {
        "1": 0.9531118672286768,
        "2": 0.949990373101171
    },
    "for_which_classes": [],
    "min_valid_object_sizes": "None",
    "num_samples": 534,
    "validation_final": "cv_niftis_postprocessed",
    "validation_raw": "cv_niftis_raw"
}