{
    "dc_per_class_pp_all": {
        "1": 0.6578495509682906,
        "2": 0.9500446506225361
    },
    "dc_per_class_pp_per_class": {
        "1": 0.6788016535677015,
        "2": 0.9532529188802329
    },
    "dc_per_class_raw": {
        "1": 0.9568274567001133,
        "2": 0.9536513209764351
    },
    "for_which_classes": [],
    "min_valid_object_sizes": "None",
    "num_samples": 534,
    "validation_final": "ensembled_postprocessed",
    "validation_raw": "ensembled_raw"
}