{
    "dc_per_class_pp_all": {
        "1": 0.6582533645824297,
        "2": 0.9488147422063
    },
    "dc_per_class_pp_per_class": {
        "1": 0.6800190516821594,
        "2": 0.9525673429862497
    },
    "dc_per_class_raw": {
        "1": 0.9560554375464947,
        "2": 0.9523963929940411
    },
    "for_which_classes": [
        2
    ],
    "min_valid_object_sizes": "None",
    "num_samples": 534,
    "validation_final": "cv_niftis_postprocessed",
    "validation_raw": "cv_niftis_raw"
}