{
    "dc_per_class_pp_all": {
        "1": 0.6585291347781609,
        "2": 0.9551838028389406
    },
    "dc_per_class_pp_per_class": {
        "1": 0.6721215098320136,
        "2": 0.9552201678589171
    },
    "dc_per_class_raw": {
        "1": 0.9519256103669786,
        "2": 0.9551226756899471
    },
    "for_which_classes": [
        2
    ],
    "min_valid_object_sizes": "None",
    "num_samples": 107,
    "validation_final": "validation_raw_postprocessed",
    "validation_raw": "validation_raw"
}